# ID will be use to load map from url
# subsystem name_id must be a valid name in the subsystem table
# filename must be a .svg with only [a-zA-Z0-9_] characters

#NAME_ID	subsystem name_id	name	filename
sulfur_metabolism	sulfur_metabolism	Sulfur metabolism	sulfur_metabolism.svg
transport_reactions	transport_reactions	Transport reactions	transport_reactions.svg
drug_metabolism	drug_metabolism	Drug metabolism	drug_metabolism.svg
beta_alanine_metabolism	beta_alanine_metabolism	Beta-alanine metabolism	beta_alanine_metabolism.svg
fructose_and_mannose_metabolism	fructose_and_mannose_metabolism	Fructose and mannose metabolism	fructose_and_mannose_metabolism.svg
tyrosine_metabolism	tyrosine_metabolism	Tyrosine metabolism	tyrosine_metabolism.svg
protein_assembly	protein_assembly	Protein assembly	protein_assembly.svg
fatty_acid_oxidation	fatty_acid_oxidation	Fatty acid oxidation	fatty_acid_oxidation.svg
vitamin_b12_metabolism	vitamin_b12_metabolism	Vitamin B12 metabolism	vitamin_b12_metabolism.svg
ubiquinone_synthesis	ubiquinone_synthesis	Ubiquinone synthesis	ubiquinone_synthesis.svg
biotin_metabolism	biotin_metabolism	Biotin metabolism	biotin_metabolism.svg
nicotinate_and_nicotinamide_metabolism	nicotinate_and_nicotinamide_metabolism	Nicotinate and nicotinamide metabolism	nicotinate_and_nicotinamide_metabolism.svg
phenylalanine_metabolism	phenylalanine_metabolism	Phenylalanine metabolism	phenylalanine_metabolism.svg
inositol_phosphate_metabolism	inositol_phosphate_metabolism	Inositol phosphate metabolism	inositol_phosphate_metabolism.svg
ros_detoxification	ros_detoxification	ROS detoxification	ros_detoxification.svg
glutamate_metabolism	glutamate_metabolism	Glutamate metabolism	glutamate_metabolism.svg
isolated	isolated	Isolated	isolated.svg
propanoate_metabolism	propanoate_metabolism	Propanoate metabolism	propanoate_metabolism.svg
starch_and_sucrose_metabolism	starch_and_sucrose_metabolism	Starch and sucrose metabolism	starch_and_sucrose_metabolism.svg
exchange_demand_reactions	exchange_demand_reactions	Exchange/demand reactions	exchange_demand_reactions.svg
glycolysis_gluconeogenesis	glycolysis_gluconeogenesis	Glycolysis / Gluconeogenesis	glycolysis_gluconeogenesis.svg
o_glycan_metabolism	o_glycan_metabolism	O-glycan metabolism	o_glycan_metabolism.svg
glycosphingolipid_biosynthesis_ganglio_series	glycosphingolipid_biosynthesis_ganglio_series	Glycosphingolipid biosynthesis-ganglio series	glycosphingolipid_biosynthesis_ganglio_series.svg
triacylglycerol_synthesis	triacylglycerol_synthesis	Triacylglycerol synthesis	triacylglycerol_synthesis.svg
peptide_metabolism	peptide_metabolism	Peptide metabolism	peptide_metabolism.svg
steroid_metabolism	steroid_metabolism	Steroid metabolism	steroid_metabolism.svg
butanoate_metabolism	butanoate_metabolism	Butanoate metabolism	butanoate_metabolism.svg
r_group_synthesis	r_group_synthesis	R group synthesis	r_group_synthesis.svg
nitrogen_metabolism	nitrogen_metabolism	Nitrogen metabolism	nitrogen_metabolism.svg
cysteine_and_methionine_metabolism	cysteine_and_methionine_metabolism	Cysteine and methionine metabolism	cysteine_and_methionine_metabolism.svg
pool_reactions	pool_reactions	Pool reactions	pool_reactions.svg
dietary_fiber_binding	dietary_fiber_binding	Dietary fiber binding	dietary_fiber_binding.svg
hippurate_metabolism	hippurate_metabolism	Hippurate metabolism	hippurate_metabolism.svg
heme_degradation	heme_degradation	Heme degradation	heme_degradation.svg
phosphatidylinositol_phosphate_metabolism	phosphatidylinositol_phosphate_metabolism	Phosphatidylinositol phosphate metabolism	phosphatidylinositol_phosphate_metabolism.svg
eicosanoid_metabolism	eicosanoid_metabolism	Eicosanoid metabolism	eicosanoid_metabolism.svg
purine_metabolism	purine_metabolism	Purine metabolism	purine_metabolism.svg
fatty_acid_biosynthesis	fatty_acid_biosynthesis	Fatty acid biosynthesis	fatty_acid_biosynthesis.svg
bile_acid_biosynthesis	bile_acid_biosynthesis	Bile acid biosynthesis	bile_acid_biosynthesis.svg
galactose_metabolism	galactose_metabolism	Galactose metabolism	galactose_metabolism.svg
coa_synthesis	coa_synthesis	CoA synthesis	coa_synthesis.svg
alkaloids_biosynthesis	alkaloids_biosynthesis	Alkaloids Biosynthesis	alkaloids_biosynthesis.svg
xenobiotics_metabolism	xenobiotics_metabolism	Xenobiotics metabolism	xenobiotics_metabolism.svg
vitamin_b2_metabolism	vitamin_b2_metabolism	Vitamin B2 metabolism	vitamin_b2_metabolism.svg
glycerophospholipid_metabolism	glycerophospholipid_metabolism	Glycerophospholipid metabolism	glycerophospholipid_metabolism.svg
heme_synthesis	heme_synthesis	Heme synthesis	heme_synthesis.svg
glycosphingolipid_metabolism	glycosphingolipid_metabolism	Glycosphingolipid metabolism	glycosphingolipid_metabolism.svg
oxidative_phosphorylation	oxidative_phosphorylation	Oxidative phosphorylation	oxidative_phosphorylation.svg
vitamin_c_metabolism	vitamin_c_metabolism	Vitamin C metabolism	vitamin_c_metabolism.svg
arginine_and_proline_metabolism	arginine_and_proline_metabolism	Arginine and proline metabolism	arginine_and_proline_metabolism.svg
histidine_metabolism	histidine_metabolism	Histidine metabolism	histidine_metabolism.svg
fatty_acid_activation_cytosolic	fatty_acid_activation_cytosolic	Fatty acid activation (cytosolic)	fatty_acid_activation_cytosolic.svg
carnitine_shuttle_cytosolic	carnitine_shuttle_cytosolic	Carnitine shuttle (cytosolic)	carnitine_shuttle_cytosolic.svg
carnitine_shuttle_mitochondrial	carnitine_shuttle_mitochondrial	Carnitine shuttle (mitochondrial)	carnitine_shuttle_mitochondrial.svg
lysine_metabolism	lysine_metabolism	Lysine metabolism	lysine_metabolism.svg
acyl_coa_hydrolysis	acyl_coa_hydrolysis	Acyl-CoA hydrolysis	acyl_coa_hydrolysis.svg
bile_acid_recycling	bile_acid_recycling	Bile acid recycling	bile_acid_recycling.svg
estrogen_metabolism	estrogen_metabolism	Estrogen metabolism	estrogen_metabolism.svg
linoleate_metabolism	linoleate_metabolism	Linoleate metabolism	linoleate_metabolism.svg
beta_oxidation_of_poly_unsaturated_fatty_acids_mitochondrial	beta_oxidation_of_poly_unsaturated_fatty_acids_mitochondrial	Beta oxidation of poly-unsaturated fatty acids (mitochondrial)	beta_oxidation_of_poly_unsaturated_fatty_acids_mitochondrial.svg
prostaglandin_biosynthesis	prostaglandin_biosynthesis	Prostaglandin biosynthesis	prostaglandin_biosynthesis.svg
cholesterol_biosynthesis_2	cholesterol_biosynthesis_2	Cholesterol biosynthesis 2	cholesterol_biosynthesis_2.svg
fatty_acid_biosynthesis_even_chain	fatty_acid_biosynthesis_even_chain	Fatty acid biosynthesis (even-chain)	fatty_acid_biosynthesis_even_chain.svg
cholesterol_biosynthesis_3_kandustch_russell_pathway	cholesterol_biosynthesis_3_kandustch_russell_pathway	Cholesterol biosynthesis 3 (Kandustch-Russell pathway)	cholesterol_biosynthesis_3_kandustch_russell_pathway.svg
thiamine_metabolism	thiamine_metabolism	Thiamine metabolism	thiamine_metabolism.svg
cholesterol_biosynthesis_1_bloch_pathway	cholesterol_biosynthesis_1_bloch_pathway	Cholesterol biosynthesis 1 (Bloch pathway)	cholesterol_biosynthesis_1_bloch_pathway.svg
arachidonic_acid_metabolism	arachidonic_acid_metabolism	Arachidonic acid metabolism	arachidonic_acid_metabolism.svg
leukotriene_metabolism	leukotriene_metabolism	Leukotriene metabolism	leukotriene_metabolism.svg
fatty_acid_biosynthesis_unsaturated	fatty_acid_biosynthesis_unsaturated	Fatty acid biosynthesis (unsaturated)	fatty_acid_biosynthesis_unsaturated.svg
artificial_reactions	artificial_reactions	Artificial reactions	artificial_reactions.svg
fatty_acid_desaturation_odd_chain	fatty_acid_desaturation_odd_chain	Fatty acid desaturation (odd-chain)	fatty_acid_desaturation_odd_chain.svg
folate_metabolism	folate_metabolism	Folate metabolism	folate_metabolism.svg
fatty_acid_elongation_even_chain	fatty_acid_elongation_even_chain	Fatty acid elongation (even-chain)	fatty_acid_elongation_even_chain.svg
formation_and_hydrolysis_of_cholesterol_esters	formation_and_hydrolysis_of_cholesterol_esters	Formation and hydrolysis of cholesterol esters	formation_and_hydrolysis_of_cholesterol_esters.svg
glucocorticoid_biosynthesis	glucocorticoid_biosynthesis	Glucocorticoid biosynthesis	glucocorticoid_biosynthesis.svg
omega_6_fatty_acid_metabolism	omega_6_fatty_acid_metabolism	Omega-6 fatty acid metabolism	omega_6_fatty_acid_metabolism.svg
pantothenate_and_coa_biosynthesis	pantothenate_and_coa_biosynthesis	Pantothenate and CoA biosynthesis	pantothenate_and_coa_biosynthesis.svg
porphyrin_metabolism	porphyrin_metabolism	Porphyrin metabolism	porphyrin_metabolism.svg
protein_degradation	protein_degradation	Protein degradation	protein_degradation.svg
carnitine_shuttle_endoplasmic_reticular	carnitine_shuttle_endoplasmic_reticular	Carnitine shuttle (endoplasmic reticular)	carnitine_shuttle_endoplasmic_reticular.svg
fatty_acid_activation_endoplasmic_reticular	fatty_acid_activation_endoplasmic_reticular	Fatty acid activation (endoplasmic reticular)	fatty_acid_activation_endoplasmic_reticular.svg
carnitine_shuttle_peroxisomal	carnitine_shuttle_peroxisomal	Carnitine shuttle (peroxisomal)	carnitine_shuttle_peroxisomal.svg
beta_oxidation_of_even_chain_fatty_acids_peroxisomal	beta_oxidation_of_even_chain_fatty_acids_peroxisomal	Beta oxidation of even-chain fatty acids (peroxisomal)	beta_oxidation_of_even_chain_fatty_acids_peroxisomal.svg
beta_oxidation_of_odd_chain_fatty_acids_peroxisomal	beta_oxidation_of_odd_chain_fatty_acids_peroxisomal	Beta oxidation of odd-chain fatty acids (peroxisomal)	beta_oxidation_of_odd_chain_fatty_acids_peroxisomal.svg
beta_oxidation_of_even_chain_fatty_acids_mitochondrial	beta_oxidation_of_even_chain_fatty_acids_mitochondrial	Beta oxidation of even-chain fatty acids (mitochondrial)	beta_oxidation_of_even_chain_fatty_acids_mitochondrial.svg
beta_oxidation_of_odd_chain_fatty_acids_mitochondrial	beta_oxidation_of_odd_chain_fatty_acids_mitochondrial	Beta oxidation of odd-chain fatty acids (mitochondrial)	beta_oxidation_of_odd_chain_fatty_acids_mitochondrial.svg
beta_oxidation_of_unsaturated_fatty_acids_n_9_mitochondrial	beta_oxidation_of_unsaturated_fatty_acids_n_9_mitochondrial	Beta oxidation of unsaturated fatty acids (n-9) (mitochondrial)	beta_oxidation_of_unsaturated_fatty_acids_n_9_mitochondrial.svg
beta_oxidation_of_unsaturated_fatty_acids_n_7_mitochondrial	beta_oxidation_of_unsaturated_fatty_acids_n_7_mitochondrial	Beta oxidation of unsaturated fatty acids (n-7) (mitochondrial)	beta_oxidation_of_unsaturated_fatty_acids_n_7_mitochondrial.svg
beta_oxidation_of_di_unsaturated_fatty_acids_n_6_mitochondrial	beta_oxidation_of_di_unsaturated_fatty_acids_n_6_mitochondrial	Beta oxidation of di-unsaturated fatty acids (n-6) (mitochondrial)	beta_oxidation_of_di_unsaturated_fatty_acids_n_6_mitochondrial.svg
beta_oxidation_of_di_unsaturated_fatty_acids_n_6_peroxisomal	beta_oxidation_of_di_unsaturated_fatty_acids_n_6_peroxisomal	Beta oxidation of di-unsaturated fatty acids (n-6) (peroxisomal)	beta_oxidation_of_di_unsaturated_fatty_acids_n_6_peroxisomal.svg
beta_oxidation_of_unsaturated_fatty_acids_n_9_peroxisomal	beta_oxidation_of_unsaturated_fatty_acids_n_9_peroxisomal	Beta oxidation of unsaturated fatty acids (n-9) (peroxisomal)	beta_oxidation_of_unsaturated_fatty_acids_n_9_peroxisomal.svg
beta_oxidation_of_unsaturated_fatty_acids_n_7_peroxisomal	beta_oxidation_of_unsaturated_fatty_acids_n_7_peroxisomal	Beta oxidation of unsaturated fatty acids (n-7) (peroxisomal)	beta_oxidation_of_unsaturated_fatty_acids_n_7_peroxisomal.svg
beta_oxidation_of_phytanic_acid_peroxisomal	beta_oxidation_of_phytanic_acid_peroxisomal	Beta oxidation of phytanic acid (peroxisomal)	beta_oxidation_of_phytanic_acid_peroxisomal.svg
beta_oxidation_of_branched_chain_fatty_acids_mitochondrial	beta_oxidation_of_branched_chain_fatty_acids_mitochondrial	Beta oxidation of branched-chain fatty acids (mitochondrial)	beta_oxidation_of_branched_chain_fatty_acids_mitochondrial.svg
pyruvate_metabolism	pyruvate_metabolism	Pyruvate metabolism	pyruvate_metabolism.svg
terpenoid_backbone_biosynthesis	terpenoid_backbone_biosynthesis	Terpenoid backbone biosynthesis	terpenoid_backbone_biosynthesis.svg
amino_sugar_and_nucleotide_sugar_metabolism	amino_sugar_and_nucleotide_sugar_metabolism	Amino sugar and nucleotide sugar metabolism	amino_sugar_and_nucleotide_sugar_metabolism.svg
vitamin_d_metabolism	vitamin_d_metabolism	Vitamin D metabolism	vitamin_d_metabolism.svg
androgen_metabolism	androgen_metabolism	Androgen metabolism	androgen_metabolism.svg
alanine_aspartate_and_glutamate_metabolism	alanine_aspartate_and_glutamate_metabolism	Alanine, aspartate and glutamate metabolism	alanine_aspartate_and_glutamate_metabolism.svg
glutathione_metabolism	glutathione_metabolism	Glutathione metabolism	glutathione_metabolism.svg
pentose_and_glucuronate_interconversions	pentose_and_glucuronate_interconversions	Pentose and glucuronate interconversions	pentose_and_glucuronate_interconversions.svg
serotonin_and_melatonin_biosynthesis	serotonin_and_melatonin_biosynthesis	Serotonin and melatonin biosynthesis	serotonin_and_melatonin_biosynthesis.svg
pentose_phosphate_pathway	pentose_phosphate_pathway	Pentose phosphate pathway	pentose_phosphate_pathway.svg
sphingolipid_metabolism	sphingolipid_metabolism	Sphingolipid metabolism	sphingolipid_metabolism.svg
metabolism_of_other_amino_acids	metabolism_of_other_amino_acids	Metabolism of other amino acids	metabolism_of_other_amino_acids.svg
phenylalanine_tyrosine_and_tryptophan_biosynthesis	phenylalanine_tyrosine_and_tryptophan_biosynthesis	Phenylalanine, tyrosine and tryptophan biosynthesis	phenylalanine_tyrosine_and_tryptophan_biosynthesis.svg
protein_modification	protein_modification	Protein modification	protein_modification.svg
retinol_metabolism	retinol_metabolism	Retinol metabolism	retinol_metabolism.svg
pyrimidine_metabolism	pyrimidine_metabolism	Pyrimidine metabolism	pyrimidine_metabolism.svg
riboflavin_metabolism	riboflavin_metabolism	Riboflavin metabolism	riboflavin_metabolism.svg
glycerolipid_metabolism	glycerolipid_metabolism	Glycerolipid metabolism	glycerolipid_metabolism.svg
glycine_serine_and_threonine_metabolism	glycine_serine_and_threonine_metabolism	Glycine, serine and threonine metabolism	glycine_serine_and_threonine_metabolism.svg
coa_catabolism	coa_catabolism	CoA catabolism	coa_catabolism.svg
vitamin_a_metabolism	vitamin_a_metabolism	Vitamin A metabolism	vitamin_a_metabolism.svg
urea_cycle	urea_cycle	Urea cycle	urea_cycle.svg
triglycerides_formation	triglycerides_formation	Triglycerides formation	triglycerides_formation.svg
acylglycerides_metabolism	acylglycerides_metabolism	Acylglycerides metabolism	acylglycerides_metabolism.svg
aminoacyl_trna_biosynthesis	aminoacyl_trna_biosynthesis	Aminoacyl-tRNA biosynthesis	aminoacyl_trna_biosynthesis.svg
ascorbate_and_aldarate_metabolism	ascorbate_and_aldarate_metabolism	Ascorbate and aldarate metabolism	ascorbate_and_aldarate_metabolism.svg
biopterin_metabolism	biopterin_metabolism	Biopterin metabolism	biopterin_metabolism.svg
blood_group_biosynthesis	blood_group_biosynthesis	Blood group biosynthesis	blood_group_biosynthesis.svg
c5_branched_dibasic_acid_metabolism	c5_branched_dibasic_acid_metabolism	C5-branched dibasic acid metabolism	c5_branched_dibasic_acid_metabolism.svg
cholesterol_metabolism	cholesterol_metabolism	Cholesterol metabolism	cholesterol_metabolism.svg
chondroitin_heparan_sulfate_biosynthesis	chondroitin_heparan_sulfate_biosynthesis	Chondroitin / heparan sulfate biosynthesis	chondroitin_heparan_sulfate_biosynthesis.svg
chondroitin_sulfate_degradation	chondroitin_sulfate_degradation	Chondroitin sulfate degradation	chondroitin_sulfate_degradation.svg
ether_lipid_metabolism	ether_lipid_metabolism	Ether lipid metabolism	ether_lipid_metabolism.svg
fatty_acid_biosynthesis_odd_chain	fatty_acid_biosynthesis_odd_chain	Fatty acid biosynthesis (odd-chain)	fatty_acid_biosynthesis_odd_chain.svg
fatty_acid_desaturation_even_chain	fatty_acid_desaturation_even_chain	Fatty acid desaturation (even-chain)	fatty_acid_desaturation_even_chain.svg
fatty_acid_elongation_odd_chain	fatty_acid_elongation_odd_chain	Fatty acid elongation (odd-chain)	fatty_acid_elongation_odd_chain.svg
glycosphingolipid_biosynthesis_globo_series	glycosphingolipid_biosynthesis_globo_series	Glycosphingolipid biosynthesis-globo series	glycosphingolipid_biosynthesis_globo_series.svg
glycosphingolipid_biosynthesis_lacto_and_neolacto_series	glycosphingolipid_biosynthesis_lacto_and_neolacto_series	Glycosphingolipid biosynthesis-lacto and neolacto series	glycosphingolipid_biosynthesis_lacto_and_neolacto_series.svg
glycosylphosphatidylinositol_gpi_anchor_biosynthesis	glycosylphosphatidylinositol_gpi_anchor_biosynthesis	Glycosylphosphatidylinositol (GPI)-anchor biosynthesis	glycosylphosphatidylinositol_gpi_anchor_biosynthesis.svg
heparan_sulfate_degradation	heparan_sulfate_degradation	Heparan sulfate degradation	heparan_sulfate_degradation.svg
keratan_sulfate_biosynthesis	keratan_sulfate_biosynthesis	Keratan sulfate biosynthesis	keratan_sulfate_biosynthesis.svg
keratan_sulfate_degradation	keratan_sulfate_degradation	Keratan sulfate degradation	keratan_sulfate_degradation.svg
lipoic_acid_metabolism	lipoic_acid_metabolism	Lipoic acid metabolism	lipoic_acid_metabolism.svg
metabolism_of_xenobiotics_by_cytochrome_p450	metabolism_of_xenobiotics_by_cytochrome_p450	Metabolism of xenobiotics by cytochrome P450	metabolism_of_xenobiotics_by_cytochrome_p450.svg
n_glycan_metabolism	n_glycan_metabolism	N-glycan metabolism	n_glycan_metabolism.svg
nucleotide_metabolism	nucleotide_metabolism	Nucleotide metabolism	nucleotide_metabolism.svg
omega_3_fatty_acid_metabolism	omega_3_fatty_acid_metabolism	Omega-3 fatty acid metabolism	omega_3_fatty_acid_metabolism.svg
tricarboxylic_acid_cycle_and_glyoxylate_dicarboxylate_metabolism	tricarboxylic_acid_cycle_and_glyoxylate_dicarboxylate_metabolism	Tricarboxylic acid cycle and glyoxylate/dicarboxylate metabolism	tricarboxylic_acid_cycle_and_glyoxylate_dicarboxylate_metabolism.svg
tryptophan_metabolism	tryptophan_metabolism	Tryptophan metabolism	tryptophan_metabolism.svg
valine_leucine_and_isoleucine_metabolism	valine_leucine_and_isoleucine_metabolism	Valine, leucine, and isoleucine metabolism	valine_leucine_and_isoleucine_metabolism.svg
vitamin_b6_metabolism	vitamin_b6_metabolism	Vitamin B6 metabolism	vitamin_b6_metabolism.svg
vitamin_e_metabolism	vitamin_e_metabolism	Vitamin E metabolism	vitamin_e_metabolism.svg
miscellaneous	miscellaneous	Miscellaneous	miscellaneous.svg
